<?xml version="1.1" encoding="UTF-8" ?>
<!-- 
	nLoader theme folder structuring guidelines:
		* OBLIGATORY  : Stylesheet must be named style.css
		* OBLIGATORY  : Main scene fxml file must be named MainScene.fxml. The same applies to SkinScene and SettingsScene.
		* RECOMMENDED : All images should be placed into separate folder to avoid hell in theme folder
-->
<theme>
	<name>NLoader Old</name>
	<author>asn007</author>
	<version>1.0</version>
	<width>299</width>
	<height>452</height>
	<icon>img/icon.png</icon>
	<files>
		<file>style.css</file>
		<file>MainScene.fxml</file>
		<file>SkinScene.fxml</file>
		<file>SettingsScene.fxml</file>
		<file>img/icon.png</file>
		<file>img/music_off.png</file>
		<file>img/music_on.png</file>
	</files>
</theme>